{
  "timestamp": "2026-02-13T02:33:25.449Z",
  "source": "https://www.bcv.org.ve/",
  "fechaValor": "Viernes, 13 Febrero  2026",
  "rates": {
    "EUR": {
      "raw": "467,33207495",
      "value": 467.33207495
    },
    "CNY": {
      "raw": "56,98450836",
      "value": 56.98450836
    },
    "TRY": {
      "raw": "9,00993742",
      "value": 9.00993742
    },
    "RUB": {
      "raw": "5,09281838",
      "value": 5.09281838
    },
    "USD": {
      "raw": "393,22160000",
      "value": 393.2216
    }
  },
  "screenshot": "bcv-rates-2026-02-13T02-33-25.png"
}